kind	depth	occurrences
BLOCK_CLOSE	0	4877
BLOCK_CLOSE	1	775
BLOCK_CLOSE	2	401
BLOCK_CLOSE	3	41
BLOCK_CLOSE	4	9
BLOCK_OPEN	0	270
BLOCK_OPEN	1	775
BLOCK_OPEN	2	401
BLOCK_OPEN	3	41
BLOCK_OPEN	4	9
FRAGMENT	1	4867
FRAGMENT	2	774
FRAGMENT	3	398
FRAGMENT	4	41
FRAGMENT	5	9
FUNCTION_OPEN	0	4608
PREPROCESSOR	0	10360
PREPROCESSOR	1	87
PREPROCESSOR	2	13
PREPROCESSOR	3	19
PREPROCESSOR	4	5
STATEMENT	0	1481
STATEMENT	1	27868
STATEMENT	2	1123
STATEMENT	3	620
STATEMENT	4	74
STATEMENT	5	10
TRAILING	0	97
TRAILING	1	1
