# path	source-sha256	signature-sha256	bytes	atoms	preprocessor	statement	function_open	block_open	block_close	fragment	trailing
bundles/org.eclipse.swt/Eclipse SWT AWT/cocoa/library/swt_awt.c	71bd3c3c9fa33e4f25661c6f43caa928c68827558b5a02c832df0635c7eb8885	e14a95e5fab5c12f2ad721a5073e2530e3de3281b31b9e7dd13eeb9efe8eed06	2063	34	9	15	3	0	3	3	1
bundles/org.eclipse.swt/Eclipse SWT AWT/gtk/library/swt_awt.c	0ec1b7ba696b28e900c5e751204715433b5b2c741a531439ee615a309b3aa262	0348b1af38b61463f62d2a173e202f92f6dec9e5adfee687a8017e014e124ce4	3810	101	15	49	6	6	12	12	1
bundles/org.eclipse.swt/Eclipse SWT AWT/win32/library/swt_awt.c	f64187e474497d52d06bd4e09a6a2637b3277cd140feb11bf1479783a32b0df1	8de1aa87bc7f56ea422c9de7b9a8819250b4aa1ffefafebd87386d14b77c3c4b	2681	61	11	32	3	3	6	6	0
bundles/org.eclipse.swt/Eclipse SWT OpenGL/glx/library/glx.c	51ebc4f628b4b606beb6df809c897aa456a8cd3c897d19f1f81b2259de3ecf68	e3d11f88269cdcf34c66c5ff16c6b7c666bb15d40f62de9c306a38da8eeec2f3	5666	128	31	63	11	0	11	11	1
bundles/org.eclipse.swt/Eclipse SWT OpenGL/glx/library/glx.h	302e5f1bea85f14ca4ac09b50bb5433ff24692bd4aca9d8e4b450e5011146331	21a3c8a4fec0696a52348616d49eef7200e7fc40b9b7ce3f3a71abeb82ce6bac	711	6	6	0	0	0	0	0	0
bundles/org.eclipse.swt/Eclipse SWT OpenGL/glx/library/glx_stats.c	83b7cdc26dd4e6b263b4af59838d1e7676d5ee6b74cbbf5065b1858ef5cb31bc	e2b787ab3d68719b333e7146bd5da9e789eb542507b70d8973a2b05bd8da9765	735	3	2	0	0	0	0	0	1
bundles/org.eclipse.swt/Eclipse SWT OpenGL/glx/library/glx_stats.h	7f680fadda442cf5575804d138039c3180653000f04c9914da2348d35ef4a045	3b3fdd03d9067ba49c0d72db769fa191c18c87a98d2c4dc6ebaa0be42c9643d0	1116	11	6	1	0	1	1	1	1
bundles/org.eclipse.swt/Eclipse SWT OpenGL/glx/library/glx_structs.c	f8bebf4e3f8c0ac3aaa638aaa3f027b0d8b3aed451a72f9de5275026da628d64	17861c0c364f2bc414505bb3ab9c49045ea3b512f8e6c11fb483618df6a62241	4138	58	4	41	3	1	4	4	1
bundles/org.eclipse.swt/Eclipse SWT OpenGL/glx/library/glx_structs.h	a28e479dedd448a1dd2b8d1f8ca14eab46a5d2831a410ef3cbb01d7a2512a9af	9e1e97cf75802089425f5f0c1a518ffcd8b5af8b784f0369be0942d4675be006	1172	13	9	3	0	0	0	0	1
bundles/org.eclipse.swt/Eclipse SWT OpenGL/win32/library/wgl.c	1a7fc0b40cdc3078ff29b698a602b2cdea49d9cd575363f86b9a8eef9bbfd63c	3024c406dccce74d8242275e00defad1ab767874602571abe649e8d358a3ee6c	4385	107	27	52	9	0	9	9	1
bundles/org.eclipse.swt/Eclipse SWT OpenGL/win32/library/wgl.h	1763a49abc3e5747779f578ffbb9b4c175bbc9c6d5fa3815da36ee03f33a6721	db4ba11deabcd11f6d1dc9e33649c364814505a7fa3d17936fcc5d863f85e54c	669	4	4	0	0	0	0	0	0
bundles/org.eclipse.swt/Eclipse SWT OpenGL/win32/library/wgl_stats.c	7dea9d61ef7f18ee3c76ed6b9cca44197acb4cf3327d3bf03541add22b60e46b	15c98c0dd15925d8aec711454711cbe624454ce2872159db0b6aa820e37fbc7b	735	3	2	0	0	0	0	0	1
bundles/org.eclipse.swt/Eclipse SWT OpenGL/win32/library/wgl_stats.h	b8df1c86abcec241dc7c5d24c64a85465600f6659d602d94f6c7758fa6a9e2aa	d477dabb1873f3d0a9b3edb2792ff6baa5f391bf044b96de38fc749e9379ffc1	1083	11	6	1	0	1	1	1	1
bundles/org.eclipse.swt/Eclipse SWT OpenGL/win32/library/wgl_structs.c	0d9921b27b4beb7213bbf5bd9117fb750725645ab202c32745b444d3a95128a0	ed3ef7689a01561b322a9c930add83f38cdf75e7c4a8a2f9bfe4084ab9a10cbf	10141	106	4	89	3	1	4	4	1
bundles/org.eclipse.swt/Eclipse SWT OpenGL/win32/library/wgl_structs.h	ac0c57c7b4d2392664f23b518e81afe9781f3333a51a781ac1169fd398737825	98a9a25f55a56db7e7776b7b6134a6cd68b2963d6cb7e80910621512f61f1fed	1302	13	9	3	0	0	0	0	1
bundles/org.eclipse.swt/Eclipse SWT PI/cairo/library/cairo.c	f2d8b6cad5eca1a1dd28354fef2ff925934b531aa19609c2a79f2392cb9eb917	7d40b95f0be6183369537c0babf13f952a6354566463674cdcb56ac02313e7ba	51904	1190	249	538	120	14	134	134	1
bundles/org.eclipse.swt/Eclipse SWT PI/cairo/library/cairo.h	a57e3003e0636f5c9341be5b8f40b31eed336c2277864e8b7f3506a3e6f8a71e	644063ec766c45a102b2ad36acf305c2c78191e7b7790b13a255b5e4fba58e48	1174	19	19	0	0	0	0	0	0
bundles/org.eclipse.swt/Eclipse SWT PI/cairo/library/cairo_custom.h	4517deeac83e26c354d898d50ef08991e1795dbf771e0bd6557a0b15ecd86e26	29cf29468c180095ff5836d4ec41077e8ea1d7c9053c8699f433a83df77cfce0	1268	14	14	0	0	0	0	0	0
bundles/org.eclipse.swt/Eclipse SWT PI/cairo/library/cairo_stats.c	ade8766d6a58db5143e4778d523f16d15b1170cc0ceb5cde6f1811741f74a6bb	798af1884f5a6c3e10f58ec508c27ae1d0d63ce4da0a80fdc3e172d470e6f898	913	3	2	0	0	0	0	0	1
bundles/org.eclipse.swt/Eclipse SWT PI/cairo/library/cairo_stats.h	faf88b757970e3a28b6ca529d7befe378651275cecb4b9deef3ea1896b5a078f	0fb4dfece9c7808d8b1f27cae02b8a98ef70aa4fab4d75591b1df775948159b7	4915	11	6	1	0	1	1	1	1
bundles/org.eclipse.swt/Eclipse SWT PI/cairo/library/cairo_structs.c	60e3bc87154b00ca9989911212061bfd607214d24578ae12d835b4b81c48b36c	55aaa7dcdc5b1ba952899567e1170d82b878525b106380846175f249282b082f	5775	105	8	60	9	3	12	12	1
bundles/org.eclipse.swt/Eclipse SWT PI/cairo/library/cairo_structs.h	fe2627f43d09120531628141fd54ddf95ad63e811a0e0cd2f7db9a0109402ac6	b2ce702a70a50ee10398a0ce43553708948160575d0133f6abd9f5b3a22f0b0f	2491	35	25	9	0	0	0	0	1
bundles/org.eclipse.swt/Eclipse SWT PI/cocoa/library/os.c	60bc1b9bebf6448c93eb89e578f9118cfbd2fadb778b1b46065a158187206bd5	dfd0f9a2763ce015d7dabca7a84e57c738e869128f3a18f3c220bf7c051d6f25	285485	6649	1021	3260	590	199	789	789	1
bundles/org.eclipse.swt/Eclipse SWT PI/cocoa/library/os.h	0aeb2769264ba59d2501a247018ef10b3d54ae950cf1980c40ae80c4287ade6c	67fbe71c5253c2999d731c375949602c6c0d8b2439ae72666a6114472425d3f4	2500	40	38	1	0	0	0	0	1
bundles/org.eclipse.swt/Eclipse SWT PI/cocoa/library/os_custom.c	54923d42adaf08f53f8adbac7594beb8bd6a1cd58a93727406dc9fe418336d79	1741a1a5b5f85c4e9432b5e57dc00e6380bd073de2db57e6b4f285120a5aaa4b	4658	97	19	44	9	2	11	11	1
bundles/org.eclipse.swt/Eclipse SWT PI/cocoa/library/os_custom.h	a1fc505260307e02572602099223cf4a6038157526c1338533b59b4be4818fe1	18b069ae0ac3e276add6538a8eee76bebedd2313fabf29774502dca1e7e5f29a	3821	60	60	0	0	0	0	0	0
bundles/org.eclipse.swt/Eclipse SWT PI/cocoa/library/os_stats.c	b4e28e6b27ecc29509ad978a379b1ccbb242b8c865185c534ac155b941eccd34	0d1b840808e41675aa841dedad9ef5e80864982cbbf402786901745119a40bdc	734	3	2	0	0	0	0	0	1
bundles/org.eclipse.swt/Eclipse SWT PI/cocoa/library/os_stats.h	8e8450c0f77d9b4aa6b3ad95c2d06070f04a6947e1d777e748b80e1d31897575	dcd913f5997da30eaa958121d59d3e96e8e9793dfe0fcd138ecabd24ab6ed67f	23604	11	6	1	0	1	1	1	1
bundles/org.eclipse.swt/Eclipse SWT PI/cocoa/library/os_structs.c	6990ee3370f7cf1073257fe1880b663ab91c4bdcc5714361058c63695962401e	c619c3d47e733422b241a67e7aca2ded32b8a6fee7d9d22b30ae1b715b6a4f65	20008	455	28	258	39	17	56	56	1
bundles/org.eclipse.swt/Eclipse SWT PI/cocoa/library/os_structs.h	65d61349e91475fa2295bafaf76f3a35b635544775636cc6a2fa3ec5f630bb41	feaa2a3b91d51b5e94e4b5e5879eec799a98298061312f943ca48b46a2245018	6732	145	105	39	0	0	0	0	1
bundles/org.eclipse.swt/Eclipse SWT PI/common/library/c.c	353a615858b406128359aae4a8ea7f9f2941b4c91c4898071c2d1c46337db70c	c9ef906194593b62518edf1e926ff079bd028d4ceec3375b1bdcd3c4d0313b60	12494	277	57	147	24	0	24	24	1
bundles/org.eclipse.swt/Eclipse SWT PI/common/library/c.h	447e5d2c2f3a480b34c4c3ae41f64c0f3155c7a75e120bdc515b520df3f94817	4a6a7952128206402df17db9c43ed64698cf2ac423c08044a467cb4d94731b10	787	10	10	0	0	0	0	0	0
bundles/org.eclipse.swt/Eclipse SWT PI/common/library/c_stats.c	d47b9d3be9238439427c0d918e04a3d3a9c93191f318631b4a5f71131902dd3d	aeb0ce9b17939ae95e309ae4f9c1a02e84e3456e66fed43863cf702c212908dd	733	3	2	0	0	0	0	0	1
bundles/org.eclipse.swt/Eclipse SWT PI/common/library/c_stats.h	8000ae54f17cbdc8fb7ed330c91bd5ae79addd045a6a30097f112a12675def9b	7d59a10ce4c755025f1fd3654ed59445bc8aea874c02cb9de0dcba3e342953b2	1338	11	6	1	0	1	1	1	1
bundles/org.eclipse.swt/Eclipse SWT PI/common/library/c_structs.c	a81c513389d158697ce2b9eefa19f9ccc69945b04d6a0606a160183266d3265c	052f4925cab99da80fb1ec0c715894f4cc26a0c2f623872dbe881a94f0b76dbd	735	3	2	0	0	0	0	0	1
bundles/org.eclipse.swt/Eclipse SWT PI/common/library/c_structs.h	4cf9db93cde4485a1c07ab9d690f1126eafb412a4a3fee3fa49eaac029785a01	3e90b3c59f59abc23ab6410e19c5bafc56e5fb9aa317fe66887d6827213ec7e4	710	2	1	0	0	0	0	0	1
bundles/org.eclipse.swt/Eclipse SWT PI/gtk/library/atk.c	5f1d7007d1bdb0261a478e8831321b6459196f06f1377cfbf44e7a622eba4afb	19e5a2d389c281b10d03e6df6c73b1c2f75e55505fbb0650931ac3a5aec10b0d	20202	433	97	203	44	0	44	44	1
bundles/org.eclipse.swt/Eclipse SWT PI/gtk/library/atk.h	7469a8c39fa2f9281bd018d9d0084dc96dbd27d4dad63323dfda2566980b1852	6a2bbfee48666602f659bb07c64a5ca69985182ed39ae2bbd66902a62a1e69a2	1107	7	6	0	0	0	0	0	1
bundles/org.eclipse.swt/Eclipse SWT PI/gtk/library/atk_custom.c	f1c48565a23b8101ac751cbe94e960ce376647cd0e11ccd1192cf263389c8d19	92edddb5f39aa8d602ef9eca3a47954c14f30e20c1549248db81b76ea956c5fb	969	5	4	0	0	0	0	0	1
bundles/org.eclipse.swt/Eclipse SWT PI/gtk/library/atk_custom.h	d12b6df21b69feefc1e6a9b6381b89f5921068ca692dc5b8af6ce3986ff12e4d	642df99e0680f09a6bbf3ab6bbf502ae5da5ec0bf4af82bebdec4db14b7ff684	1017	3	3	0	0	0	0	0	0
bundles/org.eclipse.swt/Eclipse SWT PI/gtk/library/atk_stats.c	79e7c3cbccb5b8ddb328324c4851d23d73ad8942259a118a208412ae7f2f873d	ff14fd36c609ead26c28ead4b0368ac72b83df5b9836b42b12d09e28b54a2573	1009	3	2	0	0	0	0	0	1
bundles/org.eclipse.swt/Eclipse SWT PI/gtk/library/atk_stats.h	9da25b746b87f21a31a5a1926c073eccc90bac1c70a7c8ce5354bcc24036189c	88a550734f7bf36b527652c2274cc9c422c48b93ae9d64e392c61104aca4dd88	3196	11	6	1	0	1	1	1	1
bundles/org.eclipse.swt/Eclipse SWT PI/gtk/library/atk_structs.c	8daf033170f39c87649ac14257cf0f4f9983a556ed61af361bb9ca8a87e55b6d	fd71787541db75f9a9e326aac1c257f465964499defd62f15e482fe0c6bbdb74	55629	710	26	533	36	14	50	50	1
bundles/org.eclipse.swt/Eclipse SWT PI/gtk/library/atk_structs.h	30ee05f560119d9014eb26dbfb8370b00c7a9d5722e6504a7ca512f8f1d0a2e3	bfa5fb2b47499ca268233b6205583cd5567931e8fc21c01c45ccd82239c785bb	7091	134	97	36	0	0	0	0	1
bundles/org.eclipse.swt/Eclipse SWT PI/gtk/library/gtk3.c	9dacb025716742d15e1a0e212b3a80d9883fce0e425214c0f935d6a388f739d5	3776793d07ca2a158775ba6f40501f89f3e6c22c2e1ebcd7c665d429c1cc5c3e	104161	2261	470	1100	230	0	230	230	1
bundles/org.eclipse.swt/Eclipse SWT PI/gtk/library/gtk3.h	c82fbfaa3f45f5546efad3b983cf2d56bafb360908282a5773442079d3f887d3	4bc211899258307bf4ce574b13b3dac9f6e3d07ff3a6da9c2031db28939d361c	836	8	8	0	0	0	0	0	0
bundles/org.eclipse.swt/Eclipse SWT PI/gtk/library/gtk3_stats.c	0e309e0f83c2398c6afb29ea9ad0fde95f8a7b3dbe9e6a79d8dbdc971b8bfdd2	7773a55d5e137e6717e75b47eb735b5c2d70254b901e15d705dce98f7aeaf008	736	3	2	0	0	0	0	0	1
bundles/org.eclipse.swt/Eclipse SWT PI/gtk/library/gtk3_stats.h	665f32fb0ba285551f804a1cddc3d82d4d61c2b9d910e48571b6bf7fed583842	1aadfb92930d9142194ccd72b5a8e6deb0c89c877b04f86e32b1f38359c18104	9401	11	6	1	0	1	1	1	1
bundles/org.eclipse.swt/Eclipse SWT PI/gtk/library/gtk3_structs.c	46bdf134744b6c088fa3b4c468bc78d51d5b5e684baa366f7823432b25657334	9009ce2227d0c59e3fcbdfaa8dae01352a17625d352446253d66dcae788b69db	30984	508	22	365	30	10	40	40	1
bundles/org.eclipse.swt/Eclipse SWT PI/gtk/library/gtk3_structs.h	25c2c699da42dcb00c60f53aa638a04b1079cf722056396d565af205bdb6f725	8400a55c0c0e207afbdf9515090de84f681bd4cc0e70991c69e094ed85c2fdda	5612	112	81	30	0	0	0	0	1
bundles/org.eclipse.swt/Eclipse SWT PI/gtk/library/gtk4.c	4c1d9dc9d76004c8cb3e6c232dc234581d02a1d91a60dec72b2d823a7592222b	56a1e9264d6738f18ac4bd8a864d9ff8c09741b5822b98045439c09f477d15fe	117706	2602	500	1186	245	60	305	305	1
bundles/org.eclipse.swt/Eclipse SWT PI/gtk/library/gtk4.h	17889d1b5a44b2b02413245eea4844be466dd9953e4a288f079b7e10f88786a0	91924206c0ab9e73efd49f8b198679b4def0b80bd68b4f02ffa5d8674cbd230a	837	8	8	0	0	0	0	0	0
bundles/org.eclipse.swt/Eclipse SWT PI/gtk/library/gtk4_stats.c	9f23be81dca51b9aa8740036bb30ba90980b3942dde96ddc6b56c0eb4ee172d6	9397efd805e20b9881eca493b52d786a6c944467cdaaad7d593e0b7fdd9d0c9b	736	3	2	0	0	0	0	0	1
bundles/org.eclipse.swt/Eclipse SWT PI/gtk/library/gtk4_stats.h	74bf4a533fe32274400d5a73d6087eceb093ab6a99142c00f025812818c6403d	3964a5dc4c0591cf6692fdb5b2c7cba350e4a0eb785bf97f8a999ae9c417e3a4	10271	11	6	1	0	1	1	1	1
bundles/org.eclipse.swt/Eclipse SWT PI/gtk/library/gtk4_structs.c	e585279b1947d3f88b577b79f6505233238a5969215900d1eddd22a2e9031ca6	98a7df8fa194ef9fe0f18d41c41ac31e6844da0572218d6a79c2533f2985bbfe	738	3	2	0	0	0	0	0	1
bundles/org.eclipse.swt/Eclipse SWT PI/gtk/library/gtk4_structs.h	beca8e07ab829ea556416348a07bf814f4db322c9c7022a5e86bea29e1a2fabe	3d56acce207f8b5c0cc196199f24599348b3f3d1f71ef2c25343657a9a9ac1e7	713	2	1	0	0	0	0	0	1
bundles/org.eclipse.swt/Eclipse SWT PI/gtk/library/os.c	4ea9d617d2ec9ca43847e639cf339476400c2ca0d0b2ae93b9029d2a40446239	20aa5a47e3defde4dc0ff639ada830d9d7b50cdf88623ead6658b7a659b68ae5	544950	12544	2393	6139	1183	154	1337	1337	1
bundles/org.eclipse.swt/Eclipse SWT PI/gtk/library/os.h	c6d6704ccf881d5a37292c01b04628205ed7f654fc2516f94e2e918fb12a0e72	a911d901c1b0341cdfc884f76bbf66c134dfd9cbf87c1c0a3b44e12f5af3754e	10931	244	244	0	0	0	0	0	0
bundles/org.eclipse.swt/Eclipse SWT PI/gtk/library/os_custom.c	17916c76157392c7f94c6f3cda3538ec9543419b4dfa4b7572cd2e91bd7f0ee1	195da5c20fa73f8f4cdbfe16a0e35908ab30b7375fec90c45bbab9cad1285e99	103895	2565	44	1333	205	191	396	396	0
bundles/org.eclipse.swt/Eclipse SWT PI/gtk/library/os_custom.h	401f7fca8595ac9a8f205b68e94d6e4b45b7da93dca0869d6fef0964c9366dc2	8e84a972bc3d06a2c350d4f40a12177e36acf157d538f66667ea9b6bd10fb447	7897	164	84	50	2	8	10	10	0
bundles/org.eclipse.swt/Eclipse SWT PI/gtk/library/os_stats.c	8a4380c07ced58c6905b911b277cc625d8cb938e307e1d7bbe448f7eab435327	d197ffbfed17417d985ee6650eb61a1e3b37be8341b52d3a72cec9b755af051c	1008	3	2	0	0	0	0	0	1
bundles/org.eclipse.swt/Eclipse SWT PI/gtk/library/os_stats.h	b5d0a2bbacbc01b50a30777c81ad2af8daf65ad1ba8aa39e244d7d5dbb7ec50d	a4c599769fbc9fd6ad21c17cffb2742c1c9dd724e6a060402f87951f814dbaba	44758	41	24	4	0	4	4	4	1
bundles/org.eclipse.swt/Eclipse SWT PI/gtk/library/os_structs.c	18cdfbf2e2cb769cf65f9a98efd9295ea4e627b43280c406acaba2b455000a10	348a8744d85ed60bec2e355f2240217906befa497583498beefde655759bc587	43877	858	58	536	66	22	88	87	1
bundles/org.eclipse.swt/Eclipse SWT PI/gtk/library/os_structs.h	cc7d0bb66f7151050fae85eee320f81b939eab48988edac6fc59739be61768c4	d2002a21415732c7b21579a831a3abb8405a0bc748076e562f3459a628d4adea	11469	244	177	66	0	0	0	0	1
bundles/org.eclipse.swt/Eclipse SWT PI/win32/library/com.c	9f4462fb091e598397d8b90904ad16f2250d2cbd7a56b8adecbfccccf444b3a8	61a580b81cb6e0f1fa210052ea57d1e4602eaeacbb71f6a5167231ba24c92120	92322	1869	295	1138	143	2	145	145	1
bundles/org.eclipse.swt/Eclipse SWT PI/win32/library/com.h	5c8cbf8632af0589e8c20687dbd266b3362fdf259210f1fa5f27131b1dd8e462	d7be57d528589d4d8feb1e02f4d44357be79457a6a0b89c7a6d0b3369c9fef52	758	9	9	0	0	0	0	0	0
bundles/org.eclipse.swt/Eclipse SWT PI/win32/library/com_custom.cpp	19f6a68c491706a60d992adf800f0f822b413d2ab04689495a94b433c98b3352	e4e5d5455ce3579ce9248edd64ab7b0191c217267578eb94e41646b3e5a0f922	11137	412	3	175	0	79	79	75	1
bundles/org.eclipse.swt/Eclipse SWT PI/win32/library/com_custom.h	dce149b2914c4716e1273d134dadef91269f4f3986901dfe60bfd05682e32d93	70655d9cc2bc25e42ff147166b7801964787796f28369a980ccc2e477e417f43	1144	14	11	1	0	1	1	0	0
bundles/org.eclipse.swt/Eclipse SWT PI/win32/library/com_stats.c	400d12523d730a564d0c27f6c22eea47c7363671b703428fab3efbb6725b5291	530d09115d11372669e1b330a2f363a3631ef4f459a0528cbe00a5625d347055	735	3	2	0	0	0	0	0	1
bundles/org.eclipse.swt/Eclipse SWT PI/win32/library/com_stats.h	a2806ade1a8d1627127370f6dbfe6400b9dc7213529ee6497ea4c64067f7bdb7	49328337da3aa1658b66c0ae57b344d1df85c43018c079e74039369f79d5adf8	6657	11	6	1	0	1	1	1	1
bundles/org.eclipse.swt/Eclipse SWT PI/win32/library/com_structs.c	ce0be833fd2023a59ec700155092106907c4d5842b06984f2569e1c0660ebc9a	f9c2aecb97db3b57f147f68bbcc1b4282d9bdd7b7aab1da8ebfee2bdd437e83a	36712	648	30	437	42	18	60	60	1
bundles/org.eclipse.swt/Eclipse SWT PI/win32/library/com_structs.h	26035c093336276f91c74ec665074ef30630a3129fd5db0b0aa399f0b90fb8e8	5fa0c06f668058b911cd87f07e71321de6fba22b6be47ca2ffa7e8447bc9f234	6710	156	113	42	0	0	0	0	1
bundles/org.eclipse.swt/Eclipse SWT PI/win32/library/defines.h	35f44a03534e25f4f6f92d449234fc1f400dfee48bcbd1be43f0c3757d583d63	953df48d4327fa7b01d03b4f1a62b34d08e0f73eb080b10255a9679787049ae9	1035	1	0	0	0	0	0	0	1
bundles/org.eclipse.swt/Eclipse SWT PI/win32/library/gdip.cpp	0a6ca3c624e73c8c62c5bf22c6a9d09974d1676a46f8dd2f77efc6cf89fd0720	646d1a4541313c37737edf94d0fd49bcafdf713718a0b84ce4c62a24e3ee03f1	108870	2204	385	1254	188	0	188	188	1
bundles/org.eclipse.swt/Eclipse SWT PI/win32/library/gdip.h	2e1c1d59b24665307cffd0e2ac8ec17b221eff89c215b162001151359be9e329	e909e5fe3fda1d41b89b8c75b9151d1fe1bea09782fc743f5f34bd463e80a309	976	9	8	1	0	0	0	0	0
bundles/org.eclipse.swt/Eclipse SWT PI/win32/library/gdip_custom.cpp	d7ff285b1be140288bf4a910640988261e9dc996beb4a1c1e26094cb35d62870	60ce4a26a6989c59f7d12876a308471262863b0f8f9bc0394c5ae8ddac61de18	700	4	4	0	0	0	0	0	0
bundles/org.eclipse.swt/Eclipse SWT PI/win32/library/gdip_stats.cpp	7c21f7c8fb984a546d747a40a1f55d1240963eab5c35a0e42ef28beb5478a2f1	590b0c9403fbbc986b66a48cec59111b543ae5a6f13d427737cce7b9334debf8	736	3	2	0	0	0	0	0	1
bundles/org.eclipse.swt/Eclipse SWT PI/win32/library/gdip_stats.h	e64f7c3df9a8f02b02fe395c986aa9dbe289a0978de411818b6d1fa22cbfa6c5	30b45a55aecc925f7867c2b2090420d046429235a7629a82a430cff2acaddc55	7041	11	6	1	0	1	1	1	1
bundles/org.eclipse.swt/Eclipse SWT PI/win32/library/gdip_structs.cpp	f17f0ef75ad6b27510a22a4df042d4528d98a9cf20878dd78ea3194fef495152	f3722e3e5516db6b6bfd9aabb2e1ad8eea7009f462fe247495cdd4f01778ef1a	10379	230	14	137	18	8	26	26	1
bundles/org.eclipse.swt/Eclipse SWT PI/win32/library/gdip_structs.h	b55828d0460d7626a14c8011a14be3f095cd0ff2a6d36e0b65a570d9960fd572	16bf0300e9ae0c928c858575b0b5b52a078a1d908d4698e59703c88f5a2e6568	3343	68	49	18	0	0	0	0	1
bundles/org.eclipse.swt/Eclipse SWT PI/win32/library/os.c	e68e0c34748df1a254f165d2fdfe123e713a45bc99552e937e2771813f986543	038fe8706fd85309da1d57f18f29ca33f161af3a6334c827b6e467670bf73063	328792	8105	1415	4544	703	12	715	715	1
bundles/org.eclipse.swt/Eclipse SWT PI/win32/library/os.h	ebc5d878dfa6c8ffced74dcfebdd7fc23feb9cd2613b232547f1103facd761e4	0507f3edd67ebb0168582f725f823c0f463faa397e7394fe31b0e86f6bfb3b4b	1401	29	29	0	0	0	0	0	0
bundles/org.eclipse.swt/Eclipse SWT PI/win32/library/os_custom.c	03b6c4a0d05660c428023d6116154016848ca58df864ce04805b96a3a7b94872	25a360dfd9ce91353bd926289c660d54785e4c6218244a69fe31a1e7203c7b33	12946	278	52	133	17	15	32	29	0
bundles/org.eclipse.swt/Eclipse SWT PI/win32/library/os_custom.h	e26db39307f8824eeea94f55ffd6c8c39c2373abf20b0895bf42d337dea4bb43	a800c275e28a8d6d8aea696ffd913762125305454d36fb934b5888a6897afcdf	1116	10	10	0	0	0	0	0	0
bundles/org.eclipse.swt/Eclipse SWT PI/win32/library/os_stats.c	b4e28e6b27ecc29509ad978a379b1ccbb242b8c865185c534ac155b941eccd34	0d1b840808e41675aa841dedad9ef5e80864982cbbf402786901745119a40bdc	734	3	2	0	0	0	0	0	1
bundles/org.eclipse.swt/Eclipse SWT PI/win32/library/os_stats.h	3efbe331122e8331d85876cc8943e325a4e92467301952f1231b22c4c9aae941	dc4117be3882ae9cc056c7e6445e064fed1bd1e0c62c6317db7ddf07769c3299	22451	11	6	1	0	1	1	1	1
bundles/org.eclipse.swt/Eclipse SWT PI/win32/library/os_structs.c	d5379f606d1015d7e740755ead11fb5231f69a13efdd21321935e01d7589ffb7	b5c76a7c997b3a4f9bdf36064b7afac1a936c4ee552c575381b2dd92dfb270b0	368271	6422	248	4403	369	221	590	590	1
bundles/org.eclipse.swt/Eclipse SWT PI/win32/library/os_structs.h	dbd1226478147affa5e981f8490812f66dfa1ab00d7c893ae5b7a9ee29c951cc	f29f65e10d821a361cebf46217e6df433bbc538c7f92f673cbbdd1a2cf515434	57382	1355	985	369	0	0	0	0	1
bundles/org.eclipse.swt/Eclipse SWT PI/win32/library/osversion.c	7ec922d53f46550748941bd9ad44ba04650d2ee183f820570ba6ac20d4dcf5e5	70d6ec7c3b09e78590f1bb3903abe81b0211fd597526dce82ada09e00a6f159c	1931	39	13	13	2	2	4	4	1
bundles/org.eclipse.swt/Eclipse SWT PI/win32/library/osversion.h	4cb40d017ab05622a0a61e1bc83fae7741d7ee46394ce4eb4053488a77f57afa	0fcb769519f671f8fa32f0cb7d6f882ab90226cf8a86ef3f508afd2784c2c4b9	1000	9	9	0	0	0	0	0	0
bundles/org.eclipse.swt/Eclipse SWT PI/win32/library/osversion_stats.c	a221d9f8b12d7ccb9b5c1a9acfb2cee2c007977b4811aa1fbde5f3027a6cfbc9	06a64b15a879e17746c330ad76caf117609c32b73f3f7ccc839119bae2f3d195	673	3	2	0	0	0	0	0	1
bundles/org.eclipse.swt/Eclipse SWT PI/win32/library/osversion_stats.h	70d21243bc3c5eba288c30cea6ef388b6ecaf56695301a6dd6fcd04a079cc1f6	b3ce463c222413ac4f0dd2534983079ad21566aed380158b89b501fa69b62ece	878	11	6	1	0	1	1	1	1
bundles/org.eclipse.swt/Eclipse SWT PI/win32/library/osversion_structs.c	39c60ca376f638a28864948fb7be317b52db8d3b11398b69c671e88e3c8d83e7	e04df4df1ef3c63754d04d6020e1b85494616d7535e3788c0554c3869bb2f2ed	5302	69	4	46	3	3	6	6	1
bundles/org.eclipse.swt/Eclipse SWT PI/win32/library/osversion_structs.h	bf8a48047ca9ae9cec366b9d717292f08d3675c83808ec5fd5c17fecbe68ce0a	99464e76cbe3bf25714ec1c58cf54038c6757dfae68b7d9e5a7d261ba61b1adf	1155	13	9	3	0	0	0	0	1
bundles/org.eclipse.swt/Eclipse SWT WebKit/gtk/library/webkitgtk.c	ab67284fc1b8a1bec059046037f80b3fa52aeb0c70301ffb81fe63085225bc26	84157b0afc6a5b8d662d3d48568cb9425e7e5c76144909f5f1bee61253e9dfe9	87270	2228	281	728	136	270	406	406	1
bundles/org.eclipse.swt/Eclipse SWT WebKit/gtk/library/webkitgtk.h	806e4f90a7a648a782ceaa4259ee20ca9c9a4ae0c6531fd9b2551a5a589a9aa9	300d3e5c9142cd885242cfd9aeb73ae41a94cbf56f1f9ea2bcebaeac049913f4	5047	70	20	38	0	4	4	4	0
bundles/org.eclipse.swt/Eclipse SWT WebKit/gtk/library/webkitgtk_custom.c	ddbe4d73774cfe09e28b8831308c16b9ee706e350f3ed7ed287edf078f24bb9f	970c84df581083f44750a84f69a190ba443b2d11e80fc45cb57b8f3bb962c082	3050	15	6	5	1	0	1	1	1
bundles/org.eclipse.swt/Eclipse SWT WebKit/gtk/library/webkitgtk_custom.h	efe8bf047746c9c3724d2edb7256c8af81200fa8ccb55bd2e86ac734adaffc36	cb899faf9b15f163fd136ac20dc60e95260fc90fc99f304f2b217d83564434d9	1149	10	3	6	0	0	0	0	1
bundles/org.eclipse.swt/Eclipse SWT WebKit/gtk/library/webkitgtk_stats.c	494aee14111e3a2d451e4e7c2d3abe8d3492f4c7ea864f1975e546b2a9c5e3b4	532bba4bc5eb984dd66cf3cad0478dfede559131167ad57f831e1e153b1a6855	1015	3	2	0	0	0	0	0	1
bundles/org.eclipse.swt/Eclipse SWT WebKit/gtk/library/webkitgtk_stats.h	18146ef986b902299d7dfd7c2be702cf833c7404592d0f0716109dd1c8b8ad92	d0382c25a9e810bc9d5d16721a4bdd8c0af01e88be06f3b801219d747294c3f5	7007	11	6	1	0	1	1	1	1
bundles/org.eclipse.swt/Eclipse SWT WebKit/gtk/library/webkitgtk_structs.c	6408204acd1ec62e8464b543a0272da7c7a435d64f7f4f2d6cb775416657d505	c21585a757a666692effd49f8210cb6bbfbb6d283be1b67d5ba4f8f97b0dd3f1	2703	40	4	23	3	1	4	4	1
bundles/org.eclipse.swt/Eclipse SWT WebKit/gtk/library/webkitgtk_structs.h	4e73a064a5ff452457b9d1a352465dd3891dce632b6d5f1406b40882644ea330	6519d0a51738473ee206d64809265368530692095db7ef7433947508ba394b52	1465	13	9	3	0	0	0	0	1
bundles/org.eclipse.swt/Eclipse SWT/common/library/callback.c	c621c87c5bc5d6f857cfda82d4638fc45b0e1f3f88af3998b30a4ba1fe759213	b6ebc57f8c41eab0e7a14d66c85ce42f234b5a2d73118e3c579106f9f017d268	52520	526	104	269	11	40	51	50	1
bundles/org.eclipse.swt/Eclipse SWT/common/library/callback.h	12779db8f2913f37de994e63abf4900ecf38d36624d39a9f904f8d596b171daa	b2e6ccea86867f90f1f6baf46352ba07f90be36ba814efbe38fea3923b5801fd	1229	32	17	12	0	1	1	0	1
bundles/org.eclipse.swt/Eclipse SWT/common/library/swt.c	2215d80cd31b17c3de72b719559e442fb4dd6b095495701b5d51ade058fc5c00	6c42f9fb45b83f421084dd7806b548e44b0402395656e02f28b47364fea6de1a	943	17	1	6	2	1	3	3	1
bundles/org.eclipse.swt/Eclipse SWT/common/library/swt.h	ad16d58937f9d3ce59f57083257c7989f3d1277cc9605cce331173decd6c8293	2e34ca127ca385c94a11ecd44a0743dbd0f56ff0367d90470cb8ce8a1477e4d0	3068	32	28	2	0	1	1	0	0
tests/org.eclipse.swt.tests.cocoa/ManualNativeCTests/Issue0351_EventKeyCode.mm	a9c468b49b7f65950396e7cb8d4507211c566abb77e0463c7d8cf9e28d734378	4ec636c546556cce08f2b7d151dc3fdbd0108f342f0220f6e5c6a03dd81aa6e3	7858	121	3	75	10	4	14	14	1
tests/org.eclipse.swt.tests.gtk/ManualNativeCTests/BugSnippets/Bug_395296_Toolbar_Width.c	1f94b0585fb1a619936693d67149b90841bb67a8964bd8467701e5dee19c9bd6	76212bf9d7dbd079b6bec893735abe399d112489204186e4feef143412ac683a	4019	69	1	55	3	1	4	4	1
tests/org.eclipse.swt.tests.gtk/ManualNativeCTests/BugSnippets/Bug_464228_ComboBox.c	d1ffb5c89439b20bcc1146b5d981702131dda0bd373c339603c504a357220558	60fa0563708aa3d087546e94d27427ee8f5e7d2027d18bc20aaa3fcf8fa485c6	1886	28	1	20	2	0	2	2	1
tests/org.eclipse.swt.tests.gtk/ManualNativeCTests/BugSnippets/Bug_534179_Tree_Column_Warning.c	dcf970652b099fc99ec66eabcedeb01050c044786f2844dd1b0a7dad6131ed7b	ca130d9a9ffc6a475e12fd374e71d25f471ff9b432d3ce7ab5c7dca50e4dc10c	3072	51	1	37	3	1	4	4	1
tests/org.eclipse.swt.tests.gtk/ManualNativeCTests/BugSnippets/Bug_535083_Set_Region_Black_Out.c	9b059b11712514cc5605e8bef15f52577c797dce714eefa61fc84ea834260a1d	cf5090f0f242f9557cd0cd306d5d0d0b2638da8b5cd20fa44af2468f95f6d236	2180	39	1	28	3	0	3	3	1
tests/org.eclipse.swt.tests.gtk/ManualNativeCTests/BugSnippets/Bug_535538_Shell_Auto_Max.c	f2d4c471c14923b8c28ccc7870a762e5a225ca67b5bb869ee3f10f20dffd34a4	7f44b27fc7e350614ed5344982967d4eab14a29ba7a44f05d8c3e9bfdce82a00	1489	21	1	13	2	0	2	2	1
tests/org.eclipse.swt.tests.gtk/ManualNativeCTests/BugSnippets/Bug_541427_TreeHeaderNotVisible.cpp	ee618690537cd1db4338b23dc1ab1fb40c0400ce9fabdaa5f3b61d16260afcb3	d3ecd999570dde2fc9b9cdad862cdbf92ebbe01e695081ff1084655b88cb7f4a	2432	35	2	23	1	2	3	3	1
tests/org.eclipse.swt.tests.gtk/ManualNativeCTests/BugSnippets/Bug_545587_TooltipColor.cpp	fd3192d1bdb87cf104f639a5d0331946e56396f263ae75d0bf2450811061946e	71b2c7f50fcac93e9be4d4b222b705d0bfe4992bf484eef2267b39a9f3f7338a	12309	234	15	142	15	11	26	24	1
tests/org.eclipse.swt.tests.gtk/ManualNativeCTests/BugSnippets/Issue0351_EventKeyCode.cpp	d6ce47ae0edc813106925cb98ab239d0edb81a5eb6d4c5fe4a210e90123edd4c	dd3ac09db46dbc986d68a8a8c7e4277563ea9f57484bf8cbd4bab518d7a7d5c8	1886	29	1	18	2	1	3	3	1
tests/org.eclipse.swt.tests.gtk/ManualNativeCTests/BugSnippets/Issue0400_WaylandDndEvents.cpp	c2b85bed07564b9141dc348b8852b4b852a42d8d60b036c9e9d6a86753df26b7	60badb0656c9e6406b21ae285b6a33ecd8c8137d2dea94ccd560f0c159ddad2a	9455	186	1	103	17	10	27	27	1
tests/org.eclipse.swt.tests.gtk/ManualNativeCTests/SwtFixed_native/GTK3/os_custom.c	3447b7bddd19fa0f481c28e4899aa9372dbd28edfd8d035e931b55d0e41fce46	87e83315a1cd2649da3d1fbe2ad5a297ff3e9ded59ee39e56920d7e975057f2c	15056	365	3	227	17	28	45	45	0
tests/org.eclipse.swt.tests.gtk/ManualNativeCTests/SwtFixed_native/GTK3/os_custom.h	a9306a2b3e5fe11ec7368698e746b47d7fbb173aa77d2521cec8ce562c26f41e	0b7094b40ab23e957ddd4bfdedf4f6dce70b4e0ea7234be936bce2a490992904	2065	32	13	13	0	2	2	2	0
tests/org.eclipse.swt.tests.gtk/ManualNativeCTests/SwtFixed_native/GTK3/simple_button_app.c	7ae956ecb3300cc886442aa8cdec96f20fcbbb7124e9658941f71c7a270ba64d	4eab5317ffce8dec2c5788e96dafd0ccaccfe5625c356b3d4f1548d29635a289	2123	36	2	27	2	0	2	2	1
tests/org.eclipse.swt.tests.gtk/ManualNativeCTests/SwtFixed_native/GTK4/os_custom.c	dd9281fe6d7171592aea3128c1674d814d9f20eecc0e541c8310707e351b084a	7daf2ee62169b95b44b4574f4fd04e20807a57d39c93ba09ac27b1346be03af2	10001	266	1	159	13	22	35	35	1
tests/org.eclipse.swt.tests.gtk/ManualNativeCTests/SwtFixed_native/GTK4/os_custom.h	0dc1103087a27af6f9e4b24ac82e802a89bc4670dd6788618d3c6d81423c17f6	8a59663be04ae268f71eb3e8f46148dcfb5c49a69b017da61402b50894a53ddb	1877	30	13	11	0	2	2	2	0
tests/org.eclipse.swt.tests.gtk/ManualNativeCTests/SwtFixed_native/GTK4/simple_button_app.c	1af8a6c2396111a120b267a4d753ba4ccfe35e51d55940f1416e47305729cd93	1ca128d3deb24f2f4a2d0d4b6d490b3b5b60366bb8efebb94daabc8196214d29	2002	33	2	24	2	0	2	2	1
tests/org.eclipse.swt.tests.win32/ManualNativeCTests/Issue0351_EventKeyCode.cpp	8e6ddd45bee79ddc15b8a2e9acab9d9e4c88013fd14b8391fac13b2c3913349a	48564a958a9d93c173f5ed01ab901b5f3516e66171debad3e87b0c73660d01e2	7844	13	8	3	1	0	0	0	1
tests/org.eclipse.swt.tests.win32/ManualNativeCTests/Issue0448_StyledTextAccessibilityDisposed.cpp	f84268bd015b7f66412cc16ff119f899dc21b4b38b679c443192de2c1acebf85	718133a7592cf1ee5e4ebef457a55bf3bdbfbadefa97ef7a0cc5cf4817c8a308	10982	157	7	95	7	11	18	18	1
