path	before_sha256	after_sha256	packet_sha256	atoms	changed
.m3/openrewrite-recipes/src/main/java/com/synexia/m3/viewport/GtkVirtualTreeModelSubstrateCandidate.java	819f9bdb7dbb65007e940e476d6746df04b1a8bf896b82a14a36bf86103275ac	819f9bdb7dbb65007e940e476d6746df04b1a8bf896b82a14a36bf86103275ac	dacb0fc9be8061f4d13c39a6e3b2067a12affd884dd26fe4de7e5a3c6a477198	50	false
.m3/openrewrite-recipes/src/main/java/com/synexia/m3/viewport/GtkVirtualTreeModelSubstrateRecipe.java	a5b8a9783a7723d715abe00cb24785718d532237ae1f5c1d55d49bc57d305aca	a5b8a9783a7723d715abe00cb24785718d532237ae1f5c1d55d49bc57d305aca	44e1fd0f8163cfeb7a28ea15448bda336c39e42947594da71b6dcc379f52854e	35	false
.m3/openrewrite-recipes/src/main/java/com/synexia/m3/viewport/GtkVirtualTreeSparseBulkCandidate.java	fe44d865ef0b32b92768285becf00699a37194e6f343d54a5586112f68132e1c	fe44d865ef0b32b92768285becf00699a37194e6f343d54a5586112f68132e1c	4e1e7cc6b905b11a6ce4fb1d2bbfa007c94238918aa33cc8ba7d183a8b8fa0d5	30	false
.m3/openrewrite-recipes/src/main/java/com/synexia/m3/viewport/GtkVirtualTreeSparseBulkRecipe.java	d5b4599c650ddc7466ffc27fb100c97ca9df8a0329565d6147134d067b957c7a	d5b4599c650ddc7466ffc27fb100c97ca9df8a0329565d6147134d067b957c7a	87d3d0cc7df766693d94df9a6c44d20f3e04c0742186ae61a4c8f8978522040d	29	false
.m3/openrewrite-recipes/src/test/java/com/synexia/m3/viewport/GtkVirtualTreeModelSubstrateRecipeTest.java	5ee64a13482c8af0eb5e0a2319eb3984e7080eddff6ba59ec48f3eb445923355	5ee64a13482c8af0eb5e0a2319eb3984e7080eddff6ba59ec48f3eb445923355	ac3b719330a16597cda57810d658a59f4b4a9ffce772de68d4a6f9614a772406	27	false
.m3/openrewrite-recipes/src/test/java/com/synexia/m3/viewport/GtkVirtualTreeSparseBulkRecipeTest.java	e023147bad8fc55a49ef71c1ec25edff3d5175781719e7befab5d640af015649	e023147bad8fc55a49ef71c1ec25edff3d5175781719e7befab5d640af015649	e1af9b62c45aec0fdef5701e2dd4fb6ff8932ed5a65b22932c407e0d89b59f4d	22	false
bundles/org.eclipse.swt/Eclipse SWT/common/org/eclipse/swt/widgets/VirtualSelectionModel.java	1f6b47718f92a4c27526c13e30eedd9a89c471100cb634b70251477e99520d53	1f6b47718f92a4c27526c13e30eedd9a89c471100cb634b70251477e99520d53	933906f5b134a371a2b1fbd48bb53ef16c48b2128456bf65810ea78c562bf9bf	32	false
bundles/org.eclipse.swt/Eclipse SWT/common/org/eclipse/swt/widgets/VirtualTreeTopology.java	0ae6c0796b39cfe318efb7175b2a2b8981335e409d473d6e06256dd67e0b2eef	0ae6c0796b39cfe318efb7175b2a2b8981335e409d473d6e06256dd67e0b2eef	7754883fdf125aa43fbc95627c39df9c45f34f8ac32e36ba4da216e5d16922e9	387	false
bundles/org.eclipse.swt/Eclipse SWT/common/org/eclipse/swt/widgets/VirtualTreeViewport.java	d4f61c342d6b0e994f41af29696e59f6c5bbc34f0c8849cdd276b6bc33af7760	d4f61c342d6b0e994f41af29696e59f6c5bbc34f0c8849cdd276b6bc33af7760	ff10f40c3e2b3f9196c94d2b8bc662c2481e193c898ef1147310883cbbcbf54e	85	false
bundles/org.eclipse.swt/Eclipse SWT/common/org/eclipse/swt/widgets/VirtualViewportPlanner.java	4641ec72a8902524809d925dee0f269d6bf02b1677b747e2daa95a9cf8b754a9	4641ec72a8902524809d925dee0f269d6bf02b1677b747e2daa95a9cf8b754a9	2cb5a29ff50035ed634ce110fd596845e353b05382b61eaf6d637f9e8e432be8	68	false
tests/org.eclipse.swt.tests/JUnit Tests/org/eclipse/swt/tests/junit/Test_ViewportRewriteContracts.java	04aa3c036e0bcc0890001fb881810b54e320948617ff570f52850c4003dca04c	04aa3c036e0bcc0890001fb881810b54e320948617ff570f52850c4003dca04c	a9f5f69529c55d6af7ef9f016fb878191ac36b91681be1f91c09cca5f9befdf1	353	false
