bundles/org.eclipse.swt/Eclipse SWT/gtk/org/eclipse/swt/widgets/Table.java	BREAK_TRANSFER	15
bundles/org.eclipse.swt/Eclipse SWT/gtk/org/eclipse/swt/widgets/Table.java	CONDITIONAL_BRANCH	546
bundles/org.eclipse.swt/Eclipse SWT/gtk/org/eclipse/swt/widgets/Table.java	CONTINUE_TRANSFER	7
bundles/org.eclipse.swt/Eclipse SWT/gtk/org/eclipse/swt/widgets/Table.java	EXCEPTION_RESOURCE_SCOPE	10
bundles/org.eclipse.swt/Eclipse SWT/gtk/org/eclipse/swt/widgets/Table.java	FOREACH_ITERATION	5
bundles/org.eclipse.swt/Eclipse SWT/gtk/org/eclipse/swt/widgets/Table.java	FOR_ITERATION	56
bundles/org.eclipse.swt/Eclipse SWT/gtk/org/eclipse/swt/widgets/Table.java	LOCAL_DECLARATION	529
bundles/org.eclipse.swt/Eclipse SWT/gtk/org/eclipse/swt/widgets/Table.java	ORDERED_SEQUENCE	883
bundles/org.eclipse.swt/Eclipse SWT/gtk/org/eclipse/swt/widgets/Table.java	PRE_TEST_ITERATION	9
bundles/org.eclipse.swt/Eclipse SWT/gtk/org/eclipse/swt/widgets/Table.java	RETURN_TRANSFER	197
bundles/org.eclipse.swt/Eclipse SWT/gtk/org/eclipse/swt/widgets/Table.java	STATEMENT_ACTION	1099
bundles/org.eclipse.swt/Eclipse SWT/gtk/org/eclipse/swt/widgets/Table.java	SWITCH_ARM	7
bundles/org.eclipse.swt/Eclipse SWT/gtk/org/eclipse/swt/widgets/Table.java	SWITCH_DISPATCH	3
bundles/org.eclipse.swt/Eclipse SWT/gtk/org/eclipse/swt/widgets/Table.java	THROW_TRANSFER	3
bundles/org.eclipse.swt/Eclipse SWT/win32/org/eclipse/swt/widgets/Tree.java	BREAK_TRANSFER	87
bundles/org.eclipse.swt/Eclipse SWT/win32/org/eclipse/swt/widgets/Tree.java	CONDITIONAL_BRANCH	1243
bundles/org.eclipse.swt/Eclipse SWT/win32/org/eclipse/swt/widgets/Tree.java	EXCEPTION_RESOURCE_SCOPE	2
bundles/org.eclipse.swt/Eclipse SWT/win32/org/eclipse/swt/widgets/Tree.java	FOREACH_ITERATION	19
bundles/org.eclipse.swt/Eclipse SWT/win32/org/eclipse/swt/widgets/Tree.java	FOR_ITERATION	26
bundles/org.eclipse.swt/Eclipse SWT/win32/org/eclipse/swt/widgets/Tree.java	LOCAL_DECLARATION	973
bundles/org.eclipse.swt/Eclipse SWT/win32/org/eclipse/swt/widgets/Tree.java	ORDERED_SEQUENCE	1756
bundles/org.eclipse.swt/Eclipse SWT/win32/org/eclipse/swt/widgets/Tree.java	POST_TEST_ITERATION	1
bundles/org.eclipse.swt/Eclipse SWT/win32/org/eclipse/swt/widgets/Tree.java	PRE_TEST_ITERATION	42
bundles/org.eclipse.swt/Eclipse SWT/win32/org/eclipse/swt/widgets/Tree.java	RETURN_TRANSFER	351
bundles/org.eclipse.swt/Eclipse SWT/win32/org/eclipse/swt/widgets/Tree.java	STATEMENT_ACTION	2231
bundles/org.eclipse.swt/Eclipse SWT/win32/org/eclipse/swt/widgets/Tree.java	SWITCH_ARM	137
bundles/org.eclipse.swt/Eclipse SWT/win32/org/eclipse/swt/widgets/Tree.java	SWITCH_DISPATCH	19
