ordinal	kind	start	end	depth	sha256	payload-base64
0	PREPROCESSOR	0	607	0	7be2d9353b486f34e4d73841d29ca0ac8e80ef3e90cbef3bd362e1ae30f7e731	LyoqKioqKioqKioqKioqKioqKioqKioqKioqKioqKioqKioqKioqKioqKioqKioqKioqKioqKioqKioqKioqKioqKioqKioqKioqKioqKioKICogQ29weXJpZ2h0IChjKSAyMDAwLCAyMDE2IElCTSBDb3Jwb3JhdGlvbiBhbmQgb3RoZXJzLgogKgogKiBUaGlzIHByb2dyYW0gYW5kIHRoZSBhY2NvbXBhbnlpbmcgbWF0ZXJpYWxzCiAqIGFyZSBtYWRlIGF2YWlsYWJsZSB1bmRlciB0aGUgdGVybXMgb2YgdGhlIEVjbGlwc2UgUHVibGljIExpY2Vuc2UgMi4wCiAqIHdoaWNoIGFjY29tcGFuaWVzIHRoaXMgZGlzdHJpYnV0aW9uLCBhbmQgaXMgYXZhaWxhYmxlIGF0CiAqIGh0dHBzOi8vd3d3LmVjbGlwc2Uub3JnL2xlZ2FsL2VwbC0yLjAvCiAqCiAqIFNQRFgtTGljZW5zZS1JZGVudGlmaWVyOiBFUEwtMi4wCiAqCiAqIENvbnRyaWJ1dG9yczoKICogICAgSUJNIENvcnBvcmF0aW9uIC0gaW5pdGlhbCBBUEkKICogICAgQWRvYmUgU3lzdGVtcywgSW5jLiAtIGluaXRpYWwgaW1wbGVtZW50YXRpb24KICoqKioqKioqKioqKioqKioqKioqKioqKioqKioqKioqKioqKioqKioqKioqKioqKioqKioqKioqKioqKioqKioqKioqKioqKioqKioqKiovCgojaW5jbHVkZSAic3d0LmgiCg==
1	PREPROCESSOR	607	628	0	589ebde07f8d27cfff13453276ae97cbfd978212137e4478513807905b05557b	I2luY2x1ZGUgImphd3RfbWQuaCIK
2	PREPROCESSOR	628	699	0	751ed72ab74b3189f16dea02a1d57b5d74ad4a5ab71ed236d235f8dc5aea67ae	CiNkZWZpbmUgU1dUX0FXVF9OQVRJVkUoZnVuYykgSmF2YV9vcmdfZWNsaXBzZV9zd3RfYXd0X1NXVF8xQVdUXyMjZnVuYwo=
3	PREPROCESSOR	699	721	0	d9a710de15225283c14ed639e17d15d12adf705930520b0ed4ff8c0c5b253931	CiNpZm5kZWYgTk9faW5pdEZyYW1lCg==
4	FUNCTION_OPEN	721	857	0	f5cec22cd74f7608e27359936fefe2e1b1268a686cabaeb9a04d2e451a5ad525	Sk5JRVhQT1JUIGpvYmplY3QgSk5JQ0FMTCBKYXZhX29yZ19lY2xpcHNlX3N3dF9hd3RfU1dUXzFBV1RfaW5pdEZyYW1lCgkoSk5JRW52ICplbnYsIGpjbGFzcyB0aGF0LCBqbG9uZyBoYW5kbGUsIGNvbnN0IGNoYXIgKmNsYXNzTmFtZSkKew==
5	STATEMENT	857	874	1	60fe913a227f6752f476600bb694b9fb238a69b33c7d4f7002c9ad2e01993311	Cglqb2JqZWN0IG9iamVjdDs=
6	STATEMENT	874	898	1	3185fb07d2aba586e8db659f92ade4cce3168ee3adb263c9aa5ba48c3e0abb18	CglqbWV0aG9kSUQgY29uc3RydWN0b3I7
7	STATEMENT	898	977	1	af7e16dffd6714fe8fa37da68282b78d7f9821993f855ac3737ad223cf354fc5	CgkKCWpjbGFzcyBjbHMgPSAoKmVudiktPkZpbmRDbGFzcyhlbnYsICJzdW4vbHdhd3QvbWFjb3N4L0NWaWV3RW1iZWRkZWRGcmFtZSIpOw==
8	STATEMENT	977	1008	1	7ef116da690d2fe2e1574a274ba998ce174f80803a459c4381c55b44a77ec265	CglpZiAoTlVMTCA9PSBjbHMpIHJldHVybiBOVUxMOw==
9	STATEMENT	1008	1072	1	58528502fe5391ed2fcf6a4c140b502201c2ddf695ebc4f33c96fc2dd3162083	Cgljb25zdHJ1Y3RvciA9ICgqZW52KS0+R2V0TWV0aG9kSUQoZW52LCBjbHMsICI8aW5pdD4iLCAiKEopViIpOw==
10	STATEMENT	1072	1132	1	32f580f77db7a4900a055d7317c30ab657dfd6d488eb34df9a3bc2359c7152c9	CglvYmplY3QgPSAoKmVudiktPk5ld09iamVjdChlbnYsIGNscywgY29uc3RydWN0b3IsIGhhbmRsZSk7
11	STATEMENT	1132	1148	1	7b41c7d735a007445e4be5c528323fe9fb4ef56c07c2cab216d305dde54f150a	CglyZXR1cm4gb2JqZWN0Ow==
12	FRAGMENT	1148	1149	1	01ba4719c80b6fe911b091a7c05124b64eeece964e09c058ef8f9805daca546b	Cg==
13	BLOCK_CLOSE	1149	1150	0	d10b36aa74a59bcf4a88185837f658afaf3646eff2bb16c3928d0e9335e945d2	fQ==
14	PREPROCESSOR	1150	1158	0	626de321eb397f6600939892a0009f31bc378f7e886f9acc5ec0af18db6a99a7	CiNlbmRpZgo=
15	PREPROCESSOR	1158	1189	0	6590be0c18a1f918592c816375b2f4d3f91d60c100f78ab74ead80d17380c8ef	CiNpZm5kZWYgTk9fdmFsaWRhdGVXaXRoQm91bmRzCg==
16	FUNCTION_OPEN	1189	1337	0	bcbdc03d38d33828aca8cf648317ea57f40fc7b9fbd2df8bad5beee26c6d1a14	Sk5JRVhQT1JUIHZvaWQgSk5JQ0FMTCBKYXZhX29yZ19lY2xpcHNlX3N3dF9hd3RfU1dUXzFBV1RfdmFsaWRhdGVXaXRoQm91bmRzCihKTklFbnYgKmVudiwgamNsYXNzIHRoYXQsIGpvYmplY3QgZnJhbWUsIGppbnQgeCxqaW50IHksamludCB3LGppbnQgaCkKew==
17	STATEMENT	1337	1417	1	5a3b2a399445171db128deacbe4a5d2fa807a59cca3c8a4985352fc75651ab0d	CiAgICBqY2xhc3MgY2xzID0gKCplbnYpLT5GaW5kQ2xhc3MoZW52LCAic3VuL2x3YXd0L21hY29zeC9DVmlld0VtYmVkZGVkRnJhbWUiKTs=
18	STATEMENT	1417	1446	1	51f5ed6cce9a89620f007a3b26ec71315913446456c474abf0e1c95449a241ac	CiAgICBpZiAoTlVMTCA9PSBjbHMpIHJldHVybjs=
19	STATEMENT	1446	1534	1	0a9bc69913d9c22757c1abc14833092ca5a248dcfa3327127e92bebe8abacb59	CiAgICBqbWV0aG9kSUQgbWlkSW5pdCA9ICgqZW52KS0+R2V0TWV0aG9kSUQoZW52LCBjbHMsICJ2YWxpZGF0ZVdpdGhCb3VuZHMiLCAiKElJSUkpViIpOw==
20	STATEMENT	1534	1592	1	07fd19754470859110a72735ee516159f3f3fd65454ff2c8109f333e9d5fceaf	CiAgICAoKmVudiktPkNhbGxWb2lkTWV0aG9kKGVudiwgZnJhbWUsIG1pZEluaXQsIHgseSx3LGgpOw==
21	FRAGMENT	1592	1593	1	01ba4719c80b6fe911b091a7c05124b64eeece964e09c058ef8f9805daca546b	Cg==
22	BLOCK_CLOSE	1593	1594	0	d10b36aa74a59bcf4a88185837f658afaf3646eff2bb16c3928d0e9335e945d2	fQ==
23	PREPROCESSOR	1594	1602	0	626de321eb397f6600939892a0009f31bc378f7e886f9acc5ec0af18db6a99a7	CiNlbmRpZgo=
24	PREPROCESSOR	1602	1641	0	75bce04ed10c99b2c313ed1d0c707c099e71fc0deec94844526d9b5d82fd28f2	CiNpZm5kZWYgTk9fc3ludGhlc2l6ZVdpbmRvd0FjdGl2YXRpb24K
25	FUNCTION_OPEN	1641	1789	0	e677f7f439bf499b35cb6f0d15d6327ac32c99b9444212289c68bd512f8cc942	Sk5JRVhQT1JUIHZvaWQgSk5JQ0FMTCBKYXZhX29yZ19lY2xpcHNlX3N3dF9hd3RfU1dUXzFBV1Rfc3ludGhlc2l6ZVdpbmRvd0FjdGl2YXRpb24KKEpOSUVudiAqZW52LCBqY2xhc3MgdGhhdCwgam9iamVjdCBmcmFtZSwgamJvb2xlYW4gZG9BY3RpdmF0ZSkKew==
26	STATEMENT	1789	1869	1	5a3b2a399445171db128deacbe4a5d2fa807a59cca3c8a4985352fc75651ab0d	CiAgICBqY2xhc3MgY2xzID0gKCplbnYpLT5GaW5kQ2xhc3MoZW52LCAic3VuL2x3YXd0L21hY29zeC9DVmlld0VtYmVkZGVkRnJhbWUiKTs=
27	STATEMENT	1869	1898	1	51f5ed6cce9a89620f007a3b26ec71315913446456c474abf0e1c95449a241ac	CiAgICBpZiAoTlVMTCA9PSBjbHMpIHJldHVybjs=
28	STATEMENT	1898	1991	1	bbe3f2ebea790ca58cd5ec07965a05010a98fa2d35f51c4c0ac3737bf15fbf2d	CiAgICBqbWV0aG9kSUQgbWlkSW5pdCA9ICgqZW52KS0+R2V0TWV0aG9kSUQoZW52LCBjbHMsICJzeW50aGVzaXplV2luZG93QWN0aXZhdGlvbiIsICIoWilWIik7
29	STATEMENT	1991	2052	1	eb1fca3e280e009587f760e110002c7a4371dbab188c116bb16d5101e3142e44	CiAgICAoKmVudiktPkNhbGxWb2lkTWV0aG9kKGVudiwgZnJhbWUsIG1pZEluaXQsIGRvQWN0aXZhdGUpOw==
30	FRAGMENT	2052	2053	1	01ba4719c80b6fe911b091a7c05124b64eeece964e09c058ef8f9805daca546b	Cg==
31	BLOCK_CLOSE	2053	2054	0	d10b36aa74a59bcf4a88185837f658afaf3646eff2bb16c3928d0e9335e945d2	fQ==
32	PREPROCESSOR	2054	2062	0	626de321eb397f6600939892a0009f31bc378f7e886f9acc5ec0af18db6a99a7	CiNlbmRpZgo=
33	TRAILING	2062	2063	0	01ba4719c80b6fe911b091a7c05124b64eeece964e09c058ef8f9805daca546b	Cg==
